Nutrient,LSTM_RMSE,LSTM_R2,Naive_RMSE,Target_RMSE,Target_R2,RMSE_Pass,R2_Pass,Beat_Baseline
N,7.275046344610342,0.3449412078606595,1.1077093484176261,8.0,0.85,True,False,False
P,3.888249436957275,0.4419520206744053,0.6458846225466397,8.0,0.85,True,False,False
K,3.3305472991779896,0.4590114468587688,0.6731457513371254,8.0,0.85,True,False,False
