Crop,Mean_Profit,Std_Profit,VaR_5pct,CVaR_5pct,P10,P90
rice,-13564.209151161778,2236.0227751484495,-16607.380927404676,-17086.325337996248,-16135.830823688924,-10326.799545503103
wheat,-12847.216067608562,1238.2118234748928,-14754.841165536185,-15106.744742773075,-14415.989389535076,-11188.53106216431
cotton,-9150.925023059332,2098.405734094819,-12504.0561553081,-13658.797685642603,-11708.960204967916,-6476.886201561324
