Policy,Mean_Reward,Std_Reward,Min_Reward,Max_Reward,Final_Soil_Avg
qlearning,3.8200848626474464,0.8110930547110446,2.1243139262560358,5.939291481060681,0.9737430155773462
random,2.789998639237028,0.9682493044876966,0.7033457502301647,5.363065868937944,0.902302155853644
greedy,1.3392059553112226,1.026199245152898,-1.040888582516224,4.063542683623714,0.19829804429635567
expert,5.0889120046961365,0.9702253975727979,3.150969243940827,7.93190567356484,1.0
