intensity,N,P,K
10.0,19.98,6.13,8.88
12.5,21.6,7.14,9.8
16.666666666666668,24.3,8.82,11.35
20.0,26.46,10.16,12.59
25.0,29.7,12.18,14.45
33.333333333333336,29.7,12.18,14.45
50.0,29.7,12.18,14.45
66.66666666666667,29.7,12.18,14.45
100.0,29.7,12.18,14.45
